<?xml version="1.0" encoding="UTF-8"?>
<metadata xml:lang="en"><Esri><CreaDate>20150321</CreaDate><CreaTime>12465000</CreaTime><ArcGISFormat>1.0</ArcGISFormat><SyncOnce>TRUE</SyncOnce><DataProperties><itemProps><itemLocation><linkage Sync="TRUE">file://\\psf\Host\Users\jdhughes\Documents\Development\flopy_git\examples\data\freyberg\gis\bedrock_outcrop_holeCopy</linkage><protocol Sync="TRUE">Local Area Network</protocol></itemLocation></itemProps><copyHistory><copy source="Z:\Users\jdhughes\Documents\Development\flopy_git\examples\data\freyberg\gis\bedrock_outcrop_hole" dest="\\psf\Host\Users\jdhughes\Documents\Development\flopy_git\examples\data\freyberg\gis\bedrock_outcrop_holeCopy" date="20150321" time="12465000"></copy></copyHistory></DataProperties></Esri></metadata>
