<?xml version="1.0" encoding="UTF-8"?>
<metadata xml:lang="en"><Esri><CreaDate>20150321</CreaDate><CreaTime>12043300</CreaTime><ArcGISFormat>1.0</ArcGISFormat><SyncOnce>TRUE</SyncOnce><DataProperties><itemProps><itemLocation><linkage Sync="TRUE">file://\\psf\Host\Users\jdhughes\Documents\Development\flopy_git\examples\data\freyberg\gis\cross-sectionCopy</linkage><protocol Sync="TRUE">Local Area Network</protocol></itemLocation></itemProps><copyHistory><copy source="Z:\Users\jdhughes\Documents\Development\flopy_git\examples\data\freyberg\gis\cross-section" dest="\\psf\Host\Users\jdhughes\Documents\Development\flopy_git\examples\data\freyberg\gis\cross-sectionCopy" date="20150321" time="12043300"></copy></copyHistory></DataProperties></Esri></metadata>
